Classifier,Training Accuracy (%),Test Accuracy (%)
Random Forest,59.076005961251866,46.14611260053619
XGBoost,60.11922503725783,51.97721179624665
Softmax Regression,61.06025122418565,52.949061662198396
