Classifier,Training Accuracy (%),Test Accuracy (%)
Random Forest,99.47626144347456,52.14477211796247
XGBoost,78.82903981264637,54.2225201072386
Softmax Regression,71.33489461358313,51.809651474530824
